coach,school,contract_year,period_start,period_end,period_type,base_salary_millions,supplemental_millions,insurance_loan_millions,guaranteed_millions,retention_bonus_millions,status,source,source_url,source_date,as_of_date,notes
James Franklin,Penn State,2022,2022-01-01,2022-12-31,full_year,0.5,6.5,1.0,8.0,0.5,paid,Onward State (terms via Centre Daily Times),https://onwardstate.com/2025/10/08/explaining-james-franklins-contract-and-buyout/,2025-10-08,2026-10-02,"Retention bonus paid each Dec. 31 he was employed; it is not part of the buyout. Retention bonus per CBS Sports, Oct. 11, 2025: https://www.cbssports.com/college-football/news/james-franklin-buyout-contract-penn-state-head-coach/"
James Franklin,Penn State,2023,2023-01-01,2023-12-31,full_year,0.5,6.5,1.0,8.0,0.5,paid,Onward State (terms via Centre Daily Times),https://onwardstate.com/2025/10/08/explaining-james-franklins-contract-and-buyout/,2025-10-08,2026-10-02,"Retention bonus paid each Dec. 31 he was employed; it is not part of the buyout. Retention bonus per CBS Sports, Oct. 11, 2025: https://www.cbssports.com/college-football/news/james-franklin-buyout-contract-penn-state-head-coach/"
James Franklin,Penn State,2024,2024-01-01,2024-12-31,full_year,0.5,6.5,1.0,8.0,0.5,paid,Onward State (terms via Centre Daily Times),https://onwardstate.com/2025/10/08/explaining-james-franklins-contract-and-buyout/,2025-10-08,2026-10-02,"Retention bonus paid each Dec. 31 he was employed; it is not part of the buyout. Retention bonus per CBS Sports, Oct. 11, 2025: https://www.cbssports.com/college-football/news/james-franklin-buyout-contract-penn-state-head-coach/"
James Franklin,Penn State,2025,2025-01-01,2025-12-31,full_year,0.5,6.5,1.0,8.0,0.5,terminated 2025-10-12,Onward State (terms via Centre Daily Times),https://onwardstate.com/2025/10/08/explaining-james-franklins-contract-and-buyout/,2025-10-08,2026-10-02,"Fired October 12, 2025; no retention bonus for 2025 because he was not employed on Dec. 31. Retention bonus per CBS Sports, Oct. 11, 2025: https://www.cbssports.com/college-football/news/james-franklin-buyout-contract-penn-state-head-coach/"
James Franklin,Penn State,2026,2026-01-01,2026-12-31,full_year,0.5,6.5,1.0,8.0,0.5,not paid; buyout basis,Onward State (terms via Centre Daily Times),https://onwardstate.com/2025/10/08/explaining-james-franklins-contract-and-buyout/,2025-10-08,2026-10-02,"Scheduled pay that formed the buyout; retention bonus excluded from the buyout. Retention bonus per CBS Sports, Oct. 11, 2025: https://www.cbssports.com/college-football/news/james-franklin-buyout-contract-penn-state-head-coach/"
James Franklin,Penn State,2027,2027-01-01,2027-12-31,full_year,0.5,6.5,1.0,8.0,0.5,not paid; buyout basis,Onward State (terms via Centre Daily Times),https://onwardstate.com/2025/10/08/explaining-james-franklins-contract-and-buyout/,2025-10-08,2026-10-02,"Scheduled pay that formed the buyout; retention bonus excluded from the buyout. Retention bonus per CBS Sports, Oct. 11, 2025: https://www.cbssports.com/college-football/news/james-franklin-buyout-contract-penn-state-head-coach/"
James Franklin,Penn State,2028,2028-01-01,2028-12-31,full_year,0.5,6.5,1.0,8.0,0.5,not paid; buyout basis,Onward State (terms via Centre Daily Times),https://onwardstate.com/2025/10/08/explaining-james-franklins-contract-and-buyout/,2025-10-08,2026-10-02,"Scheduled pay that formed the buyout; retention bonus excluded from the buyout. Retention bonus per CBS Sports, Oct. 11, 2025: https://www.cbssports.com/college-football/news/james-franklin-buyout-contract-penn-state-head-coach/"
James Franklin,Penn State,2029,2029-01-01,2029-12-31,full_year,0.5,6.5,1.0,8.0,0.5,not paid; buyout basis,Onward State (terms via Centre Daily Times),https://onwardstate.com/2025/10/08/explaining-james-franklins-contract-and-buyout/,2025-10-08,2026-10-02,"Scheduled pay that formed the buyout; retention bonus excluded from the buyout. Retention bonus per CBS Sports, Oct. 11, 2025: https://www.cbssports.com/college-football/news/james-franklin-buyout-contract-penn-state-head-coach/"
James Franklin,Penn State,2030,2030-01-01,2030-12-31,full_year,0.5,6.5,1.0,8.0,0.5,not paid; buyout basis,Onward State (terms via Centre Daily Times),https://onwardstate.com/2025/10/08/explaining-james-franklins-contract-and-buyout/,2025-10-08,2026-10-02,"Scheduled pay that formed the buyout; retention bonus excluded from the buyout. Retention bonus per CBS Sports, Oct. 11, 2025: https://www.cbssports.com/college-football/news/james-franklin-buyout-contract-penn-state-head-coach/"
James Franklin,Penn State,2031,2031-01-01,2031-12-31,full_year,0.5,6.5,1.0,8.0,0.5,not paid; buyout basis,Onward State (terms via Centre Daily Times),https://onwardstate.com/2025/10/08/explaining-james-franklins-contract-and-buyout/,2025-10-08,2026-10-02,"Scheduled pay that formed the buyout; retention bonus excluded from the buyout. Retention bonus per CBS Sports, Oct. 11, 2025: https://www.cbssports.com/college-football/news/james-franklin-buyout-contract-penn-state-head-coach/"
James Franklin,Virginia Tech,2025,2025-11-15,2025-12-31,partial_year,0.5,5.5,,6.0,,contracted,WSLS,https://www.wsls.com/sports/2025/11/21/virginia-tech-releases-james-franklin-contract-details/,2025-11-21,2026-10-02,Figures are annual rates paid pro rata from the Nov. 15 effective date; the prorated dollar amount is not published
James Franklin,Virginia Tech,2026,2026-01-01,2026-12-31,full_year,0.5,5.5,,6.0,,contracted,WSLS,https://www.wsls.com/sports/2025/11/21/virginia-tech-releases-james-franklin-contract-details/,2025-11-21,2026-10-02,WSLS reports base and supplemental; guaranteed is their sum
James Franklin,Virginia Tech,2027,2027-01-01,2027-12-31,full_year,0.5,4.5,,5.0,,contracted,WSLS,https://www.wsls.com/sports/2025/11/21/virginia-tech-releases-james-franklin-contract-details/,2025-11-21,2026-10-02,WSLS reports base and supplemental; guaranteed is their sum
James Franklin,Virginia Tech,2028,2028-01-01,2028-12-31,full_year,0.5,3.5,,4.0,,contracted,WSLS,https://www.wsls.com/sports/2025/11/21/virginia-tech-releases-james-franklin-contract-details/,2025-11-21,2026-10-02,WSLS reports base and supplemental; guaranteed is their sum
James Franklin,Virginia Tech,2029,2029-01-01,2029-12-31,full_year,0.5,12.25,,12.75,,contracted,WSLS,https://www.wsls.com/sports/2025/11/21/virginia-tech-releases-james-franklin-contract-details/,2025-11-21,2026-10-02,WSLS reports base and supplemental; guaranteed is their sum
James Franklin,Virginia Tech,2030,2030-01-01,2030-12-31,full_year,0.5,12.75,,13.25,,contracted,WSLS,https://www.wsls.com/sports/2025/11/21/virginia-tech-releases-james-franklin-contract-details/,2025-11-21,2026-10-02,WSLS reports base and supplemental; guaranteed is their sum
Matt Campbell,Penn State,2026,2026-01-01,2026-12-31,full_year,,,,8.0,1.0,contracted,StateCollege.com (Penn State term sheet),https://www.statecollege.com/articles/penn-state-football/matt-campbell-contract-details-revealed-following-approval-by-penn-state-board-committee/,2025-12-08,2026-10-02,"Guaranteed is base plus supplemental, split not published; retention is $1M per contract year, payment date not published"
Matt Campbell,Penn State,2027,2027-01-01,2027-12-31,full_year,,,,8.25,1.0,contracted,StateCollege.com (Penn State term sheet),https://www.statecollege.com/articles/penn-state-football/matt-campbell-contract-details-revealed-following-approval-by-penn-state-board-committee/,2025-12-08,2026-10-02,"Guaranteed is base plus supplemental, split not published; retention is $1M per contract year, payment date not published"
Matt Campbell,Penn State,2028,2028-01-01,2028-12-31,full_year,,,,8.5,1.0,contracted,StateCollege.com (Penn State term sheet),https://www.statecollege.com/articles/penn-state-football/matt-campbell-contract-details-revealed-following-approval-by-penn-state-board-committee/,2025-12-08,2026-10-02,"Guaranteed is base plus supplemental, split not published; retention is $1M per contract year, payment date not published"
Matt Campbell,Penn State,2029,2029-01-01,2029-12-31,full_year,,,,9.0,1.0,contracted,StateCollege.com (Penn State term sheet),https://www.statecollege.com/articles/penn-state-football/matt-campbell-contract-details-revealed-following-approval-by-penn-state-board-committee/,2025-12-08,2026-10-02,"Guaranteed is base plus supplemental, split not published; retention is $1M per contract year, payment date not published"
Matt Campbell,Penn State,2030,2030-01-01,2030-12-31,full_year,,,,9.0,1.0,contracted,StateCollege.com (Penn State term sheet),https://www.statecollege.com/articles/penn-state-football/matt-campbell-contract-details-revealed-following-approval-by-penn-state-board-committee/,2025-12-08,2026-10-02,"Guaranteed is base plus supplemental, split not published; retention is $1M per contract year, payment date not published"
Matt Campbell,Penn State,2031,2031-01-01,2031-12-31,full_year,,,,9.25,1.0,contracted,StateCollege.com (Penn State term sheet),https://www.statecollege.com/articles/penn-state-football/matt-campbell-contract-details-revealed-following-approval-by-penn-state-board-committee/,2025-12-08,2026-10-02,"Guaranteed is base plus supplemental, split not published; retention is $1M per contract year, payment date not published"
Matt Campbell,Penn State,2032,2032-01-01,2032-12-31,full_year,,,,9.25,1.0,contracted,StateCollege.com (Penn State term sheet),https://www.statecollege.com/articles/penn-state-football/matt-campbell-contract-details-revealed-following-approval-by-penn-state-board-committee/,2025-12-08,2026-10-02,"Guaranteed is base plus supplemental, split not published; retention is $1M per contract year, payment date not published"
Matt Campbell,Penn State,2033,2033-01-01,2033-12-31,full_year,,,,9.25,1.0,contracted,StateCollege.com (Penn State term sheet),https://www.statecollege.com/articles/penn-state-football/matt-campbell-contract-details-revealed-following-approval-by-penn-state-board-committee/,2025-12-08,2026-10-02,"Guaranteed is base plus supplemental, split not published; retention is $1M per contract year, payment date not published"
