club,doc_type,category,names_lockout,canceled_game_remedy,refund_timing,quote,url,fetched
cubs,sth_terms,L_KEEP,yes,"Fees due during a lockout; if under 41 home games, club keeps fees and applies them to the next season",none stated,any fees paid by Licensee shall be retained by Club and applied to the following Season,https://www.mlb.com/cubs/tickets/season-tickets/holders/terms-and-conditions,2026-10-08
reds,sth_terms,L_PRORATA,yes,"Fees abated pro rata per canceled home game; credit, or refund on written request",refund within 60 days of MLB-confirmed cancellation,refunded within 60-days of the confirmed cancellation of games by the Office of the Commissioner of Major League Baseball,https://mlb.com/reds/tickets/info/terms-conditions/regseason-agreement,2026-10-08
dbacks,sth_terms,L_CREDIT,yes,Credit toward future games,none stated,Club shall provide Member with a credit that can be applied to future Club games,https://www.mlb.com/dbacks/tickets/season-tickets/terms-conditions,2026-10-08
yankees,sth_terms,L_NOLIAB,yes,Club not liable for force majeure; tickets not refundable,none stated,"obligated to settle or vote to settle any strike, lockout or work stoppage or other labor disturbance",https://www.mlb.com/yankees/tickets/season-tickets/terms-and-conditions,2026-10-08
brewers,sth_terms,CR,no,Credit or refund of tickets and parking for canceled games not rescheduled,email within 48 hours; no payment deadline,"For any cancelled games that are not replaced or rescheduled, account holders will receive an account credit or a refund equal to the paid value of the relevant tickets and parking.",https://www.mlb.com/brewers/tickets/season-tickets/holders/terms,2026-10-08
royals,sth_terms,CR,no,Credit or refund of tickets and parking for canceled games not rescheduled,none stated,"For any cancelled games that are not replaced or rescheduled, account holders will receive an account credit or a refund equal to the paid value of the relevant tickets and parking.",https://www.mlb.com/royals/tickets/season-tickets/holders/policies,2026-10-08
giants,sth_terms,CR,no,Credit; refund if requested within 30 days,fan must request within 30 days,"if Account Holder prefers a refund instead of a credit, may request one within thirty (30) days of the cancellation",https://www.mlb.com/giants/tickets/season-tickets/holders/terms,2026-10-08
angels,sth_terms,CR,no,Exchange or refund for canceled games not rescheduled,fan must request within 30 days or waive,Refunds must be requested within thirty (30) days of the announced cancellation of the Event or the refund is forever waived.,https://www.mlb.com/angels/tickets/season-tickets/terms,2026-10-08
phillies,sth_terms,CR,no,Credit; cash refund only after opting out of renewal,"refund of unused credit at end of season, on request","If Account Holder subsequently opts out of the renewal of their season ticket plan in accordance with this Agreement, upon Account Holder's written request, Club will issue a refund in respect of any such unused credits remaining at the end of the applicable season.",https://www.mlb.com/phillies/tickets/season-tickets/terms-and-conditions,2026-10-08
braves,general_terms,CR,no,"General ticket terms: automatic refund to card, no credits (season terms say all sales final but bind members to ticket terms on cancellation)",none stated,a refund will automatically be posted to the payment card used for payment of the ticket. No credits will be issued,https://www.mlb.com/braves/tickets/terms-and-conditions,2026-10-08
bluejays,general_terms,CR,no,"General ticket terms: automatic refund, no credits (no public season-ticket terms page found)",as soon as 60 days from game date,will be automatically refunded for the amount paid on account of this ticket in as soon as sixty (60) days from the Game date,https://www.mlb.com/bluejays/tickets/terms-and-conditions,2026-10-08
cardinals,general_terms,DISC,no,Subject to the club's announced policy for the event,none stated,this ticket will be subject to Event Hosts’ announced policy for the Event,https://www.mlb.com/cardinals/tickets/terms-and-conditions,2026-10-08
tigers,general_terms,DISC,no,Refunds or credits at club's discretion,none stated,"if not rescheduled/resumed, refunds or credits will be as determined in Club’s discretion",https://www.mlb.com/tigers/tickets/terms-and-conditions,2026-10-08
marlins,general_terms,DISC,no,MLB entities decide whether any refunds are issued,none stated,the MLB Entities will determine in their sole discretion whether any refunds will be issued,https://www.mlb.com/marlins/tickets/terms-and-conditions,2026-10-08
dodgers,general_terms,DISC,no,Exchange for a future game; no cash refund or credit,none stated,"may be exchanged at Dodger Stadium, at any time after the date of the Cancelled Game",https://www.mlb.com/dodgers/tickets/terms-and-conditions,2026-10-08
twins,general_terms,DISC,no,Rules posted on twins.com; may be amended without notice,none stated,Rules regulating cancellation or rescheduling of games and use of RAIN CHECKS will be posted on www.twins.com,https://www.mlb.com/twins/tickets/terms-and-conditions,2026-10-08
whitesox,general_terms,DISC,no,Points to rainout policy on website,none stated,see the Rainout Policy posted on the Chicago White Sox ticket portion of its website,https://www.mlb.com/whitesox/tickets/disclaimer,2026-10-08
rockies,general_terms,DISC,no,Rain check exchange within current season,none stated,Holder may exchange this RAIN CHECK for a ticket of the same value (subject to availability) for any game during the current regular season,https://www.mlb.com/rockies/tickets/ticket-back-disclaimer,2026-10-08
mariners,sth_terms,DISC,no,Membership fees not refunded for cancellations; ticket remedy not stated on page,none stated,The Seattle Mariners are not responsible for refunding all or any portion of your Membership fees,https://www.mlb.com/mariners/tickets/season-tickets/holders/terms-conditions,2026-10-08
padres,sth_terms,DISC,no,Membership fees not refunded for cancellations; ticket remedy not stated on page,none stated,The San Diego Padres are not responsible for refunding all or any portion of your Membership fees,https://www.mlb.com/padres/tickets/season-tickets/terms-conditions,2026-10-08
orioles,sth_terms,DISC,no,Membership fees not refunded for cancellations; ticket remedy not stated on page,none stated,The Club is not responsible for refunding all or any portion of your Membership fees,https://www.mlb.com/orioles/tickets/season-tickets/auto-renewal/agreement,2026-10-08
astros,sth_terms,FINAL,no,All sales final; remedy stated only for unplayed postseason games,none stated,"All Ticket sales are final and no refunds or exchanges will be made, except as expressly provided in this Agreement.",https://www.mlb.com/astros/tickets/season-tickets/terms,2026-10-08
redsox,sth_terms,FINAL,no,"All sales final, no refunds",none stated,ALL TICKET SALES ARE FINAL AND NO REFUNDS WILL BE MADE.,https://www.mlb.com/redsox/tickets/season-tickets/holders/terms-and-conditions,2026-10-08
pirates,sth_terms,FINAL,no,All sales final; remedy stated only for unplayed postseason games,none stated,"All Account sales are final and no refunds or exchanges will be made, except as expressly provided in this Agreement.",https://www.mlb.com/pirates/tickets/season-tickets/holders/terms-and-conditions,2026-10-08
guardians,sth_terms,FINAL,no,All sales final; club may cancel tickets for any reason,none stated,All Ticket sales are final and no refunds or exchanges will be made.,https://www.mlb.com/indians/tickets/ticket-policies/regular-season/agreement,2026-10-08
nationals,sth_terms,FINAL,no,Annual commitment; remedy stated only for unplayed postseason games,none stated,you will receive a credit on your account equal to the value of the Postseason Tickets you purchased for the Unplayed Postseason Games,https://www.mlb.com/nationals/tickets/season-tickets/terms,2026-10-08
rays,sth_terms,FINAL,no,No canceled-game clause found on public policies page,none stated,,https://www.mlb.com/rays/tickets/season-tickets/holders/policies,2026-10-08
rangers,general_terms,FINAL,no,No canceled-game clause found in public ticket terms; no season-ticket terms page found,none stated,,https://www.mlb.com/rangers/tickets/terms-and-conditions,2026-10-08
mets,sth_terms,NONE,no,Member Clubhouse terms page has no canceled-game clause; no season-ticket agreement found,none stated,,https://mlb.com/mets/fans/member-clubhouse,2026-10-08
athletics,sth_page,NONE,no,No public season-ticket terms page found,none stated,,https://www.mlb.com/athletics/tickets/season-tickets,2026-10-08
