club,doc_type,url,final_url,http,title,paragraphs,keyword_hits,mentions_lockout_or_strike,fetched_utc
angels,sth_terms,https://www.mlb.com/angels/tickets/season-tickets/terms,https://www.mlb.com/angels/tickets/season-tickets/terms,200,Season Seat Holder Terms and Conditions | Los Angeles Angels,116,17,0,2026-10-09 00:16
astros,sth_terms,https://www.mlb.com/astros/tickets/season-tickets/terms,https://www.mlb.com/astros/tickets/season-tickets/terms,200,Astros Season Ticket Terms & Conditions | Houston Astros,58,7,0,2026-10-09 00:16
athletics,sth_page,https://www.mlb.com/athletics/tickets/season-tickets,https://www.mlb.com/athletics/tickets/season-tickets,200,Buy Athletics Season Tickets | Athletics,48,0,0,2026-10-09 00:16
athletics,general_terms,https://www.mlb.com/athletics/tickets/terms-and-conditions,https://www.mlb.com/athletics/tickets/terms-and-conditions,404,,2,0,0,2026-10-09 00:16
bluejays,general_terms,https://www.mlb.com/bluejays/tickets/terms-and-conditions,https://www.mlb.com/bluejays/tickets/terms-and-conditions,200,Toronto Blue Jays Terms and Conditions | Toronto Blue Jays,80,9,0,2026-10-09 00:16
braves,sth_terms,https://www.mlb.com/braves/tickets/season-tickets/holders/renewals/terms-of-use,https://www.mlb.com/braves/tickets/season-tickets/holders/renewals/terms-of-use,200,Green Light Renewal Program Terms of Use | Atlanta Braves,57,12,0,2026-10-09 00:16
braves,general_terms,https://www.mlb.com/braves/tickets/terms-and-conditions,https://www.mlb.com/braves/tickets/terms-and-conditions,200,Braves Ticket Terms and Conditions | Atlanta Braves,73,10,0,2026-10-09 00:16
brewers,sth_terms,https://www.mlb.com/brewers/tickets/season-tickets/holders/terms,https://www.mlb.com/brewers/tickets/season-tickets/holders/terms,200,Ticketing Terms & Conditions | Milwaukee Brewers,108,33,0,2026-10-09 00:16
cardinals,sth_terms,https://www.mlb.com/cardinals/tickets/season-tickets/holders/account-policy,https://www.mlb.com/cardinals/tickets/season-tickets/holders/account-policy,200,St. Louis Cardinals Season Ticket Account Policy | St. Louis Cardinals,94,12,0,2026-10-09 00:16
cardinals,general_terms,https://www.mlb.com/cardinals/tickets/terms-and-conditions,https://www.mlb.com/cardinals/tickets/terms-and-conditions,200,Cardinals Ticket Terms and Conditions | St. Louis Cardinals,90,11,0,2026-10-09 00:16
cubs,sth_terms,https://www.mlb.com/cubs/tickets/season-tickets/holders/terms-and-conditions,https://www.mlb.com/cubs/tickets/season-tickets/holders/terms-and-conditions,200,Season Ticket License - Full Terms and Conditions | Chicago Cubs,37,12,1,2026-10-09 00:16
dbacks,sth_terms,https://www.mlb.com/dbacks/tickets/season-tickets/terms-conditions,https://www.mlb.com/dbacks/tickets/season-tickets/terms-conditions,200,Advantage Membership Terms and Conditions | Arizona Diamondbacks,31,7,1,2026-10-09 00:16
dodgers,general_terms,https://www.mlb.com/dodgers/tickets/terms-and-conditions,https://www.mlb.com/dodgers/tickets/terms-and-conditions,200,Dodgers Tickets Terms and Conditions | Los Angeles Dodgers,22,3,0,2026-10-09 00:16
giants,sth_terms,https://www.mlb.com/giants/tickets/season-tickets/holders/terms,https://www.mlb.com/giants/tickets/season-tickets/holders/terms,200,Giants Season Ticket Terms & Conditions | San Francisco Giants,89,25,0,2026-10-09 00:16
guardians,sth_terms,https://www.mlb.com/indians/tickets/ticket-policies/regular-season/agreement,https://www.mlb.com/guardians/tickets/ticket-policies/regular-season/agreement,200,Season Ticket Agreement | Cleveland Guardians,104,17,0,2026-10-09 00:16
guardians,sth_autorenew,https://www.mlb.com/guardians/tickets/ticket-policies/sth-auto-renewal,https://www.mlb.com/guardians/tickets/ticket-policies/continuousenrollment,200,STH Auto Renewal | Cleveland Guardians,5,1,0,2026-10-09 00:16
mariners,sth_terms,https://www.mlb.com/mariners/tickets/season-tickets/holders/terms-conditions,https://www.mlb.com/mariners/tickets/season-tickets/holders/terms-conditions,200,Terms & Conditions | Season Tickets | Seattle Mariners,13,3,0,2026-10-09 00:16
marlins,sth_page,https://www.mlb.com/marlins/tickets/season-tickets/full-season,https://www.mlb.com/marlins/tickets/season-tickets/full-season,200,Buy Marlins Season Tickets - Full Season | Miami Marlins,1,0,0,2026-10-09 00:16
marlins,general_terms,https://www.mlb.com/marlins/tickets/terms-and-conditions,https://www.mlb.com/marlins/tickets/terms-and-conditions,200,loanDepot park Ticket Terms & Conditions | Miami Marlins,39,3,0,2026-10-09 00:16
mets,sth_terms,https://mlb.com/mets/fans/member-clubhouse,https://www.mlb.com/mets/fans/member-clubhouse,200,Mets Member Clubhouse | Terms | New York Mets,40,1,0,2026-10-09 00:16
mets,general_terms,https://www.mlb.com/mets/tickets/terms-and-conditions,https://www.mlb.com/mets/tickets/terms-and-conditions,404,,2,0,0,2026-10-09 00:16
nationals,sth_terms,https://www.mlb.com/nationals/tickets/season-tickets/terms,https://www.mlb.com/nationals/tickets/season-tickets/terms,200,NATS PLUS Payment Authorization Form | Washington Nationals,52,18,0,2026-10-09 00:16
orioles,sth_terms,https://www.mlb.com/orioles/tickets/season-tickets/auto-renewal/agreement,https://www.mlb.com/orioles/tickets/season-tickets/auto-renewal/agreement,200,Baltimore Orioles Birdland Membership (“Season Ticket Holder”) Agreement | Baltimore Orioles,63,5,0,2026-10-09 00:16
padres,sth_terms,https://www.mlb.com/padres/tickets/season-tickets/terms-conditions,https://www.mlb.com/padres/tickets/season-tickets/terms-conditions,200,Padres Membership Terms and Conditions | San Diego Padres,35,3,0,2026-10-09 00:16
phillies,sth_terms,https://www.mlb.com/phillies/tickets/season-tickets/terms-and-conditions,https://www.mlb.com/phillies/tickets/season-tickets/terms-and-conditions,200,Season Ticket Terms & Conditions | Philadelphia Phillies,51,12,0,2026-10-09 00:16
pirates,sth_terms,https://www.mlb.com/pirates/tickets/season-tickets/holders/terms-and-conditions,https://www.mlb.com/pirates/tickets/season-tickets/holders/terms-and-conditions,200,Terms and Conditions | Pittsburgh Pirates,65,11,0,2026-10-09 00:16
rangers,general_terms,https://www.mlb.com/rangers/tickets/terms-and-conditions,https://www.mlb.com/rangers/tickets/terms-and-conditions,200,Rangers Ticket Terms and Conditions | Texas Rangers,27,3,0,2026-10-09 00:16
rays,sth_terms,https://www.mlb.com/rays/tickets/season-tickets/holders/policies,https://www.mlb.com/rays/tickets/season-tickets/holders/policies,200,Season Member Policies & Procedures | Tampa Bay Rays,34,8,0,2026-10-09 00:16
redsox,sth_terms,https://www.mlb.com/redsox/tickets/season-tickets/holders/terms-and-conditions,https://www.mlb.com/redsox/tickets/season-tickets/holders/terms-and-conditions,200,Season Ticket Account - Terms and Conditions | Boston Red Sox,12,4,0,2026-10-09 00:16
reds,sth_terms,https://mlb.com/reds/tickets/info/terms-conditions/regseason-agreement,https://www.mlb.com/reds/tickets/info/terms-conditions/regseason-agreement,200,TERMS & CONDITIONS Regular Season Ticketholder Agreement | Cincinnati Reds,58,5,1,2026-10-09 00:16
rockies,sth_info,https://www.mlb.com/rockies/tickets/season-tickets/holders/information,https://www.mlb.com/rockies/tickets/season-tickets/holders/information,200,Season Ticket Holders Information | Colorado Rockies,12,0,0,2026-10-09 00:16
rockies,general_terms,https://www.mlb.com/rockies/tickets/ticket-back-disclaimer,https://www.mlb.com/rockies/tickets/ticket-back-disclaimer,200,Ticket Back Disclaimer | Colorado Rockies,23,3,0,2026-10-09 00:17
royals,sth_terms,https://www.mlb.com/royals/tickets/season-tickets/holders/policies,https://www.mlb.com/royals/tickets/season-tickets/holders/policies,200,Season Ticket Account Policies | Kansas City Royals,47,7,0,2026-10-09 00:17
tigers,general_terms,https://www.mlb.com/tigers/tickets/terms-and-conditions,https://www.mlb.com/tigers/tickets/ticket-back,200,Ticket Terms and Conditions | Detroit Tigers,21,4,0,2026-10-09 00:17
twins,general_terms,https://www.mlb.com/twins/tickets/terms-and-conditions,https://www.mlb.com/twins/tickets/terms-and-conditions,200,Ticket Back Terms and Conditions | Minnesota Twins,17,3,0,2026-10-09 00:17
whitesox,general_terms,https://www.mlb.com/whitesox/tickets/disclaimer,https://www.mlb.com/whitesox/tickets/disclaimer,200,Individual Ticket Disclaimer | Chicago White Sox,5,1,0,2026-10-09 00:17
whitesox,sth_page,https://www.mlb.com/whitesox/tickets/season-tickets/renew,https://www.mlb.com/whitesox/tickets/season-tickets/renew,200,Season Tickets Renewals | Chicago White Sox,46,2,0,2026-10-09 00:17
yankees,sth_terms,https://www.mlb.com/yankees/tickets/season-tickets/terms-and-conditions,https://www.mlb.com/yankees/tickets/terms-and-conditions,200,Tickets Terms and Conditions | New York Yankees,117,17,1,2026-10-09 00:17
