club,doc_type,url
angels,sth_terms,https://www.mlb.com/angels/tickets/season-tickets/terms
astros,sth_terms,https://www.mlb.com/astros/tickets/season-tickets/terms
athletics,sth_page,https://www.mlb.com/athletics/tickets/season-tickets
athletics,general_terms,https://www.mlb.com/athletics/tickets/terms-and-conditions
bluejays,general_terms,https://www.mlb.com/bluejays/tickets/terms-and-conditions
braves,sth_terms,https://www.mlb.com/braves/tickets/season-tickets/holders/renewals/terms-of-use
braves,general_terms,https://www.mlb.com/braves/tickets/terms-and-conditions
brewers,sth_terms,https://www.mlb.com/brewers/tickets/season-tickets/holders/terms
cardinals,sth_terms,https://www.mlb.com/cardinals/tickets/season-tickets/holders/account-policy
cardinals,general_terms,https://www.mlb.com/cardinals/tickets/terms-and-conditions
cubs,sth_terms,https://www.mlb.com/cubs/tickets/season-tickets/holders/terms-and-conditions
dbacks,sth_terms,https://www.mlb.com/dbacks/tickets/season-tickets/terms-conditions
dodgers,general_terms,https://www.mlb.com/dodgers/tickets/terms-and-conditions
giants,sth_terms,https://www.mlb.com/giants/tickets/season-tickets/holders/terms
guardians,sth_terms,https://www.mlb.com/indians/tickets/ticket-policies/regular-season/agreement
guardians,sth_autorenew,https://www.mlb.com/guardians/tickets/ticket-policies/sth-auto-renewal
mariners,sth_terms,https://www.mlb.com/mariners/tickets/season-tickets/holders/terms-conditions
marlins,sth_page,https://www.mlb.com/marlins/tickets/season-tickets/full-season
marlins,general_terms,https://www.mlb.com/marlins/tickets/terms-and-conditions
mets,sth_terms,https://mlb.com/mets/fans/member-clubhouse
mets,general_terms,https://www.mlb.com/mets/tickets/terms-and-conditions
nationals,sth_terms,https://www.mlb.com/nationals/tickets/season-tickets/terms
orioles,sth_terms,https://www.mlb.com/orioles/tickets/season-tickets/auto-renewal/agreement
padres,sth_terms,https://www.mlb.com/padres/tickets/season-tickets/terms-conditions
phillies,sth_terms,https://www.mlb.com/phillies/tickets/season-tickets/terms-and-conditions
pirates,sth_terms,https://www.mlb.com/pirates/tickets/season-tickets/holders/terms-and-conditions
rangers,general_terms,https://www.mlb.com/rangers/tickets/terms-and-conditions
rays,sth_terms,https://www.mlb.com/rays/tickets/season-tickets/holders/policies
redsox,sth_terms,https://www.mlb.com/redsox/tickets/season-tickets/holders/terms-and-conditions
reds,sth_terms,https://mlb.com/reds/tickets/info/terms-conditions/regseason-agreement
rockies,sth_info,https://www.mlb.com/rockies/tickets/season-tickets/holders/information
rockies,general_terms,https://www.mlb.com/rockies/tickets/ticket-back-disclaimer
royals,sth_terms,https://www.mlb.com/royals/tickets/season-tickets/holders/policies
tigers,general_terms,https://www.mlb.com/tigers/tickets/terms-and-conditions
twins,general_terms,https://www.mlb.com/twins/tickets/terms-and-conditions
whitesox,general_terms,https://www.mlb.com/whitesox/tickets/disclaimer
whitesox,sth_page,https://www.mlb.com/whitesox/tickets/season-tickets/renew
yankees,sth_terms,https://www.mlb.com/yankees/tickets/season-tickets/terms-and-conditions
