year,seats,section,season_total,playoff_total,precision,source
1998,2,213,8000,,rounded by owner; may include parking and playoff strips (owner unsure),Matt Gray invoices
1999,2,213,8600,,rounded by owner; may include parking and playoff strips (owner unsure),Matt Gray invoices
2000,2,213,8900,,rounded by owner; may include parking and playoff strips (owner unsure),Matt Gray invoices
2001,2,213,9300,,rounded by owner; may include parking and playoff strips (owner unsure),Matt Gray invoices
2002,2,213,9450,,rounded by owner; may include parking and playoff strips (owner unsure),Matt Gray invoices
2003,2,213,10000,,rounded by owner; may include parking and playoff strips (owner unsure),Matt Gray invoices
2004,4,105 field box,16500,,rounded by owner,Matt Gray invoices
2005,4,105 field box,17000,,rounded by owner,Matt Gray invoices
2006,4,105 field box,18000,,rounded by owner,Matt Gray invoices
2007,4,105 field box,19000,,rounded by owner,Matt Gray invoices
2008,4,105 field box,20000,,rounded by owner,Matt Gray invoices
2009,4,105 field box,21000,,rounded by owner,Matt Gray invoices
2010,4,105 field box,22000,,rounded by owner,Matt Gray invoices
2011,4,105 field box,21000,,rounded by owner,Matt Gray invoices
2012,4,105 field box,20000,,rounded by owner,Matt Gray invoices
2013,4,105 field box,21500,,rounded by owner,Matt Gray invoices
2014,4,105 field box,22500,,rounded by owner,Matt Gray invoices
2015,4,105 field box,23398,7510,exact,Matt Gray invoices
2016,4,105 field box,26924.8,8430,exact,Matt Gray invoices
2017,4,105 field box,29095,,exact,Matt Gray invoices
2018,4,105 field box,31543,,exact,Matt Gray invoices
2019,4,105 field box,33079,,exact,Matt Gray invoices
2020,4,105 field box,35790,,exact (refunded; season played without fans),Matt Gray invoices
2021,4,105 field box,38751,,exact,Matt Gray invoices
